INSERT INTO Categories (Id, Name) VALUES (1, N'antipasti');

    INSERT INTO NewRecipes (Id, Title, Publisher, ImageUrl, SourceUrl, Servings, CookingTime, CategoryId)
    VALUES (1, N'Havarti and Asparagus Quiche', N'Spoonacular', 'https://img.spoonacular.com/recipes/646348-556x370.jpg', 'https://www.foodista.com/recipe/WVNLTYYJ/havarti-and-asparagus-quiche', 8, 45, 1);
    
INSERT INTO NewIngredients (Id, Name) VALUES (1, N'asparagus');

        INSERT INTO NewRecipeIngredients (RecipeId, IngredientId, Quantity, Unit)
        VALUES (1, 1, 8.0, 'stalks');
        
INSERT INTO NewIngredients (Id, Name) VALUES (2, N'cream');

        INSERT INTO NewRecipeIngredients (RecipeId, IngredientId, Quantity, Unit)
        VALUES (1, 2, 1.0, 'cup');
        
INSERT INTO NewIngredients (Id, Name) VALUES (3, N'egg');

        INSERT INTO NewRecipeIngredients (RecipeId, IngredientId, Quantity, Unit)
        VALUES (1, 3, 2.0, '');
        
INSERT INTO NewIngredients (Id, Name) VALUES (4, N'wheat flour');

        INSERT INTO NewRecipeIngredients (RecipeId, IngredientId, Quantity, Unit)
        VALUES (1, 4, 1.25, 'cups');
        
INSERT INTO NewIngredients (Id, Name) VALUES (5, N'havarti');

        INSERT INTO NewRecipeIngredients (RecipeId, IngredientId, Quantity, Unit)
        VALUES (1, 5, 0.5, 'pound');
        
INSERT INTO NewIngredients (Id, Name) VALUES (6, N'table salt');

        INSERT INTO NewRecipeIngredients (RecipeId, IngredientId, Quantity, Unit)
        VALUES (1, 6, 0.5, 'teaspoon');
        
INSERT INTO NewIngredients (Id, Name) VALUES (7, N'sugar');

        INSERT INTO NewRecipeIngredients (RecipeId, IngredientId, Quantity, Unit)
        VALUES (1, 7, 1.0, 'cup');
        
INSERT INTO NewIngredients (Id, Name) VALUES (8, N'unsalted butter');

        INSERT INTO NewRecipeIngredients (RecipeId, IngredientId, Quantity, Unit)
        VALUES (1, 8, 0.75, 'cup');
        
INSERT INTO NewIngredients (Id, Name) VALUES (9, N'water');

        INSERT INTO NewRecipeIngredients (RecipeId, IngredientId, Quantity, Unit)
        VALUES (1, 9, 8.0, 'c');
        
INSERT INTO Categories (Id, Name) VALUES (2, N'lunch');

    INSERT INTO NewRecipes (Id, Title, Publisher, ImageUrl, SourceUrl, Servings, CookingTime, CategoryId)
    VALUES (2, N'Dairy Free Chicken Salad', N'Spoonacular', 'https://img.spoonacular.com/recipes/641200-556x370.jpg', 'https://www.foodista.com/recipe/TKBSZNQ7/dairy-free-chicken-salad', 4, 45, 2);
    
INSERT INTO NewIngredients (Id, Name) VALUES (10, N'olive oil');

        INSERT INTO NewRecipeIngredients (RecipeId, IngredientId, Quantity, Unit)
        VALUES (2, 10, 2.0, 'tablespoons');
        
INSERT INTO NewIngredients (Id, Name) VALUES (11, N'chicken tenders');

        INSERT INTO NewRecipeIngredients (RecipeId, IngredientId, Quantity, Unit)
        VALUES (2, 11, 1.5, 'pounds');
        
INSERT INTO NewIngredients (Id, Name) VALUES (12, N'black pepper');

        INSERT INTO NewRecipeIngredients (RecipeId, IngredientId, Quantity, Unit)
        VALUES (2, 12, 0.25, 'teaspoon');
        

        INSERT INTO NewRecipeIngredients (RecipeId, IngredientId, Quantity, Unit)
        VALUES (2, 6, 0.25, 'teaspoon');
        
INSERT INTO NewIngredients (Id, Name) VALUES (13, N'paprika');

        INSERT INTO NewRecipeIngredients (RecipeId, IngredientId, Quantity, Unit)
        VALUES (2, 13, 0.5, 'teaspoon');
        

        INSERT INTO NewRecipeIngredients (RecipeId, IngredientId, Quantity, Unit)
        VALUES (2, 3, 3.0, '');
        
INSERT INTO NewIngredients (Id, Name) VALUES (14, N'dill pickles');

        INSERT INTO NewRecipeIngredients (RecipeId, IngredientId, Quantity, Unit)
        VALUES (2, 14, 0.5, 'cup');
        
INSERT INTO NewIngredients (Id, Name) VALUES (15, N'vegan mayonnaise');

        INSERT INTO NewRecipeIngredients (RecipeId, IngredientId, Quantity, Unit)
        VALUES (2, 15, 0.5, 'cup');
        
INSERT INTO NewIngredients (Id, Name) VALUES (16, N'lemon juice');

        INSERT INTO NewRecipeIngredients (RecipeId, IngredientId, Quantity, Unit)
        VALUES (2, 16, 1.0, 'tablespoon');
        
INSERT INTO NewIngredients (Id, Name) VALUES (17, N'seasoned salt');

        INSERT INTO NewRecipeIngredients (RecipeId, IngredientId, Quantity, Unit)
        VALUES (2, 17, 0.25, 'teaspoon');
        